{
    "splits_count": 4,
    "combinations": [
        [
            0,
            1
        ],
        [
            0,
            2
        ],
        [
            0,
            3
        ],
        [
            1,
            2
        ],
        [
            1,
            3
        ],
        [
            2,
            3
        ]
    ],
    "number_of_combinations": 6,
    "main_graph_nodes": 17903,
    "main_graph_edges": 197031,
    "split_size": 4476,
    "dataset_name": "arxiv",
    "true_train_edges_count": 137895,
    "true_test_edges_count": 59136,
    "test_name": "1572833781",
    "splits_nodes_counts": [
        4476,
        4476,
        4476,
        4475
    ],
    "ignored_edges_count": 0,
    "ignored_edges_fraction": 0.0,
    "combinations_edges_count": [
        [
            "0_1",
            48889
        ],
        [
            "0_2",
            48889
        ],
        [
            "0_3",
            48889
        ],
        [
            "1_2",
            48889
        ],
        [
            "1_3",
            48889
        ],
        [
            "2_3",
            48889
        ]
    ],
    "splits_node2vec_runnning_times": [
        [
            "1_3",
            "249.76"
        ],
        [
            "0_3",
            "251.19"
        ],
        [
            "1_2",
            "251.39"
        ],
        [
            "0_1",
            "251.58"
        ],
        [
            "0_2",
            "252.21"
        ],
        [
            "2_3",
            "252.26"
        ]
    ],
    "distances": {
        "1": 29700,
        "2": 88572
    },
    "test_roc": 0.9953969639929889,
    "test_ap": 0.9947498273374535
}