{
    "splits_count": 8,
    "combinations": [
        [
            0,
            1
        ],
        [
            1,
            2
        ],
        [
            2,
            3
        ],
        [
            3,
            4
        ],
        [
            4,
            5
        ],
        [
            5,
            6
        ],
        [
            6,
            7
        ],
        [
            0,
            3
        ],
        [
            3,
            7
        ],
        [
            1,
            5
        ]
    ],
    "number_of_combinations": 10,
    "main_graph_nodes": 4039,
    "main_graph_edges": 88234,
    "split_size": 505,
    "dataset_name": "facebook",
    "true_train_edges_count": 61610,
    "true_test_edges_count": 26624,
    "test_name": "1572826120",
    "splits_nodes_counts": [
        505,
        505,
        505,
        505,
        505,
        505,
        505,
        504
    ],
    "ignored_edges_count": 50222,
    "ignored_edges_fraction": 0.5691910148015504,
    "combinations_edges_count": [
        [
            "0_1",
            5184
        ],
        [
            "1_2",
            5184
        ],
        [
            "2_3",
            5184
        ],
        [
            "3_4",
            5184
        ],
        [
            "4_5",
            5184
        ],
        [
            "5_6",
            5184
        ],
        [
            "6_7",
            5184
        ],
        [
            "0_3",
            5184
        ],
        [
            "3_7",
            5184
        ],
        [
            "1_5",
            5184
        ]
    ],
    "splits_node2vec_runnning_times": [
        [
            "1_5",
            "16.40"
        ],
        [
            "2_3",
            "16.80"
        ],
        [
            "3_7",
            "16.92"
        ],
        [
            "4_5",
            "17.06"
        ],
        [
            "6_7",
            "17.27"
        ],
        [
            "5_6",
            "17.32"
        ],
        [
            "0_1",
            "14.30"
        ],
        [
            "0_3",
            "14.42"
        ],
        [
            "1_2",
            "14.70"
        ],
        [
            "3_4",
            "14.97"
        ]
    ],
    "distances": {
        "1": 6601,
        "2": 16657,
        "3": 24846,
        "4": 5144
    },
    "test_roc": 0.9746627715917734,
    "test_ap": 0.9763213328945526
}