{
    "splits_count": 8,
    "combinations": [
        [
            0,
            1
        ],
        [
            1,
            2
        ],
        [
            2,
            3
        ],
        [
            3,
            4
        ],
        [
            4,
            5
        ],
        [
            5,
            6
        ],
        [
            6,
            7
        ],
        [
            0,
            3
        ],
        [
            3,
            7
        ],
        [
            1,
            5
        ]
    ],
    "number_of_combinations": 10,
    "main_graph_nodes": 17903,
    "main_graph_edges": 197031,
    "split_size": 2238,
    "dataset_name": "arxiv",
    "true_train_edges_count": 137895,
    "true_test_edges_count": 59136,
    "test_name": "1572837485",
    "splits_nodes_counts": [
        2238,
        2238,
        2238,
        2238,
        2238,
        2238,
        2238,
        2237
    ],
    "ignored_edges_count": 110920,
    "ignored_edges_fraction": 0.5629570981216154,
    "combinations_edges_count": [
        [
            "0_1",
            12102
        ],
        [
            "1_2",
            12102
        ],
        [
            "2_3",
            12102
        ],
        [
            "3_4",
            12102
        ],
        [
            "4_5",
            12102
        ],
        [
            "5_6",
            12102
        ],
        [
            "6_7",
            12102
        ],
        [
            "0_3",
            12102
        ],
        [
            "3_7",
            12102
        ],
        [
            "1_5",
            12102
        ]
    ],
    "splits_node2vec_runnning_times": [
        [
            "1_2",
            "97.45"
        ],
        [
            "5_6",
            "97.50"
        ],
        [
            "0_3",
            "98.35"
        ],
        [
            "3_4",
            "98.55"
        ],
        [
            "1_5",
            "98.93"
        ],
        [
            "4_5",
            "99.53"
        ],
        [
            "2_3",
            "72.01"
        ],
        [
            "6_7",
            "73.47"
        ],
        [
            "3_7",
            "72.72"
        ],
        [
            "0_1",
            "74.32"
        ]
    ],
    "distances": {
        "1": 14633,
        "3": 55433,
        "2": 37014,
        "4": 11192
    },
    "test_roc": 0.8787055559323285,
    "test_ap": 0.9161916645163073
}