{
    "splits_count": 4,
    "combinations": [
        [
            0,
            1
        ],
        [
            1,
            2
        ],
        [
            2,
            3
        ]
    ],
    "number_of_combinations": 3,
    "main_graph_nodes": 17903,
    "main_graph_edges": 197031,
    "split_size": 4476,
    "dataset_name": "arxiv",
    "true_train_edges_count": 137895,
    "true_test_edges_count": 59136,
    "test_name": "1572829328",
    "splits_nodes_counts": [
        4476,
        4476,
        4476,
        4475
    ],
    "ignored_edges_count": 74941,
    "ignored_edges_fraction": 0.3803513152752612,
    "combinations_edges_count": [
        [
            "0_1",
            48889
        ],
        [
            "1_2",
            48889
        ],
        [
            "2_3",
            48889
        ]
    ],
    "splits_node2vec_runnning_times": [
        [
            "0_1",
            "163.89"
        ],
        [
            "1_2",
            "164.09"
        ],
        [
            "2_3",
            "164.75"
        ]
    ],
    "distances": {
        "1": 29700,
        "2": 44072,
        "4": 14929,
        "3": 29571
    },
    "test_roc": 0.9248429059611453,
    "test_ap": 0.9479246999111337
}