{
    "splits_count": 4,
    "combinations": [
        [
            0,
            1
        ],
        [
            0,
            2
        ],
        [
            0,
            3
        ],
        [
            1,
            2
        ],
        [
            1,
            3
        ],
        [
            2,
            3
        ]
    ],
    "number_of_combinations": 6,
    "main_graph_nodes": 4039,
    "main_graph_edges": 88234,
    "split_size": 1010,
    "dataset_name": "facebook",
    "true_train_edges_count": 61610,
    "true_test_edges_count": 26624,
    "test_name": "1572813693",
    "splits_nodes_counts": [
        1010,
        1010,
        1010,
        1009
    ],
    "ignored_edges_count": 0,
    "ignored_edges_fraction": 0.0,
    "combinations_edges_count": [
        [
            "0_1",
            22138
        ],
        [
            "0_2",
            22138
        ],
        [
            "0_3",
            22138
        ],
        [
            "1_2",
            22138
        ],
        [
            "1_3",
            22138
        ],
        [
            "2_3",
            22138
        ]
    ],
    "splits_node2vec_runnning_times": [
        [
            "0_2",
            "39.88"
        ],
        [
            "0_1",
            "39.99"
        ],
        [
            "1_2",
            "40.34"
        ],
        [
            "0_3",
            "40.45"
        ],
        [
            "1_3",
            "40.69"
        ],
        [
            "2_3",
            "40.82"
        ]
    ],
    "distances": {
        "1": 13292,
        "2": 39956
    },
    "test_roc": 0.9920851140332645,
    "test_ap": 0.9887776754973704
}