{
    "framework": "seq",
    "batch_count": 4,
    "combinations": "[(0,1),(0,2),(0,3),(1,2),(1,3),(2,3)]",
    "number_of_combinations": 6,
    "main_graph_nodes": 4039,
    "main_graph_edges": 88234,
    "batch_size": 1010,
    "dataset_name": "facebook",
    "true_train_edges_count": 61610,
    "true_test_edges_count": 26624,
    "test_name": "1574525256",
    "splits_nodes_counts": [
        1010,
        1010,
        1010,
        1009
    ],
    "ignored_edges_count": 0,
    "ignored_edges_fraction": 0.0,
    "combinations_edges_count": "[(0_1,15170),(0_2,14667),(0_3,15769),(1_2,14999),(1_3,16210),(2_3,15517)]",
    "splits_node2vec_runnning_times": "[(0_1,40.13),(0_2,40.80),(1_2,41.19),(0_3,41.17),(1_3,41.37),(2_3,41.83)]",
    "distances": {
        "1": 13292,
        "2": 39956
    },
    "test_roc": 0.983348730047779,
    "test_ap": 0.9819261479533432
}