{
    "splits_count": 4,
    "combinations": [
        [
            0,
            1
        ],
        [
            0,
            2
        ],
        [
            0,
            3
        ],
        [
            1,
            2
        ],
        [
            1,
            3
        ],
        [
            2,
            3
        ]
    ],
    "number_of_combinations": 6,
    "main_graph_nodes": 4039,
    "main_graph_edges": 88234,
    "split_size": 1010,
    "dataset_name": "facebook",
    "true_train_edges_count": 61610,
    "true_test_edges_count": 26624,
    "test_name": "1574371496",
    "splits_nodes_counts": [
        1010,
        1010,
        1010,
        1009
    ],
    "ignored_edges_count": 0,
    "ignored_edges_fraction": 0.0,
    "combinations_edges_count": [
        [
            "0_1",
            15517
        ],
        [
            "0_2",
            15517
        ],
        [
            "0_3",
            15517
        ],
        [
            "1_2",
            15517
        ],
        [
            "1_3",
            15517
        ],
        [
            "2_3",
            15517
        ]
    ],
    "splits_node2vec_runnning_times": [
        [
            "0_1",
            "46.40"
        ],
        [
            "0_2",
            "47.19"
        ],
        [
            "1_2",
            "47.37"
        ],
        [
            "0_3",
            "47.61"
        ],
        [
            "1_3",
            "47.98"
        ],
        [
            "2_3",
            "48.16"
        ]
    ],
    "distances": {
        "1": 13292,
        "2": 39956
    },
    "test_roc": 0.9829262085920254,
    "test_ap": 0.9813154649120593
}