{
    "splits_count": 8,
    "combinations": [
        [
            0,
            1
        ],
        [
            1,
            2
        ],
        [
            2,
            3
        ],
        [
            3,
            4
        ],
        [
            4,
            5
        ],
        [
            5,
            6
        ],
        [
            6,
            7
        ],
        [
            0,
            3
        ],
        [
            3,
            7
        ],
        [
            1,
            5
        ]
    ],
    "number_of_combinations": 10,
    "main_graph_nodes": 4039,
    "main_graph_edges": 88234,
    "split_size": 505,
    "dataset_name": "facebook",
    "true_train_edges_count": 61610,
    "true_test_edges_count": 26624,
    "test_name": "1574371043",
    "splits_nodes_counts": [
        505,
        505,
        505,
        505,
        505,
        505,
        505,
        504
    ],
    "ignored_edges_count": 35079,
    "ignored_edges_fraction": 0.3975678309948546,
    "combinations_edges_count": [
        [
            "0_1",
            3638
        ],
        [
            "1_2",
            3638
        ],
        [
            "2_3",
            3638
        ],
        [
            "3_4",
            3638
        ],
        [
            "4_5",
            3638
        ],
        [
            "5_6",
            3638
        ],
        [
            "6_7",
            3638
        ],
        [
            "0_3",
            3638
        ],
        [
            "3_7",
            3638
        ],
        [
            "1_5",
            3638
        ]
    ],
    "splits_node2vec_runnning_times": [
        [
            "0_3",
            "17.29"
        ],
        [
            "1_2",
            "17.92"
        ],
        [
            "1_5",
            "18.03"
        ],
        [
            "4_5",
            "18.70"
        ],
        [
            "5_6",
            "18.76"
        ],
        [
            "6_7",
            "18.95"
        ],
        [
            "2_3",
            "15.08"
        ],
        [
            "0_1",
            "14.51"
        ],
        [
            "3_4",
            "15.39"
        ],
        [
            "3_7",
            "14.83"
        ]
    ],
    "distances": {
        "1": 6601,
        "2": 16657,
        "3": 24846,
        "4": 5144
    },
    "test_roc": 0.9479482188027286,
    "test_ap": 0.9575932649521552
}